<?xml version="1.0" encoding="UTF-8"?>
<project-private xmlns="http://www.netbeans.org/ns/project-private/1">
    <editor-bookmarks xmlns="http://www.netbeans.org/ns/editor-bookmarks/2" lastBookmarkId="0"/>
    <open-files xmlns="http://www.netbeans.org/ns/projectui-open-files/2">
        <group>
            <file>file:/C:/Users/User/Documents/GitHub/Faculdade_ADS/3-o-periodo/A.P.S-Arquitetura-e-Projeto-de-Software/Proj_Votacao_Ana_Priscilla/src/senai/com/br/funcionalidades/registro_candidato_Ana_Priscilla.java</file>
            <file>file:/C:/Users/User/Documents/GitHub/Faculdade_ADS/3-o-periodo/A.P.S-Arquitetura-e-Projeto-de-Software/Proj_Votacao_Ana_Priscilla/src/senai/com/br/funcionalidades/resultado_Ana_Priscilla.java</file>
        </group>
    </open-files>
</project-private>
